id,title,desc,image,category_id
,Acrylic Watch Display Kit,"Acrylic Watch Display Stand, expensive and stylish watches can be showcased to customers in a sophisticated manner. Acrylic Watch Display Stand has smooth surface finish, which adds to its aesthetic value. Acrylic Watch Display Stand is available in different colors and sizes. Our esteemed customers can avail Acrylic Watch Display Stand at economical price.",product_imgs/1_v4D6X54.png,1
,Jewellery Display,Jewellery Display,product_imgs/7.png,2
,Acrylic Wrist Watch Stand,"We are offering a range of Acrylic Wrist Watch Stand.
Specification:
- Acrylic Sheet : Imported",product_imgs/old_2.png,1
,Acrylic Wrist Watch Stand 2,"We are offering a range of Acrylic Wrist Watch Stand.
Specification:
- Acrylic Sheet : Imported",product_imgs/old_3.png,1
,Acrylic Watch Display Set,Custom-size can be produced to suit specific requirements,product_imgs/old_4.png,1
,Acrylic Watch Display Kit,"Acrylic Watch Display Stand, expensive and stylish watches can be showcased to customers in a sophisticated manner. Acrylic Watch Display Stand has smooth surface finish, which adds to its aesthetic value. Acrylic Watch Display Stand is available in different colors and sizes. Our esteemed customers can avail Acrylic Watch Display Stand at economical price.",product_imgs/1.jpg,1
,Acrylic Watch Display Kit,"Acrylic Watch Display Stand, expensive and stylish watches can be showcased to customers in a sophisticated manner. Acrylic Watch Display Stand has smooth surface finish, which adds to its aesthetic value. Acrylic Watch Display Stand is available in different colors and sizes. Our esteemed customers can avail Acrylic Watch Display Stand at economical price.",product_imgs/2.jpg,1
,Acrylic Watch Display Kit,"Acrylic Watch Display Stand, expensive and stylish watches can be showcased to customers in a sophisticated manner. Acrylic Watch Display Stand has smooth surface finish, which adds to its aesthetic value. Acrylic Watch Display Stand is available in different colors and sizes. Our esteemed customers can avail Acrylic Watch Display Stand at economical price.",product_imgs/3.jpg,1
,Necklace Display,"Offering you a complete choice of products which include necklace display, necklace stand with earring, jewelry display sets, display jewellery sets, modern jewellery display sets and necklace jewellery display sets.",product_imgs/1_7IGk2LQ.jpg,2
,Necklace Display,"Offering you a complete choice of products which include necklace display, necklace stand with earring, jewelry display sets, display jewellery sets, modern jewellery display sets and necklace jewellery display sets.",product_imgs/2.webp,2
,Necklace Display,"Offering you a complete choice of products which include necklace display, necklace stand with earring, jewelry display sets, display jewellery sets, modern jewellery display sets and necklace jewellery display sets.",product_imgs/3.webp,2
,Necklace Display,"Offering you a complete choice of products which include necklace display, necklace stand with earring, jewelry display sets, display jewellery sets, modern jewellery display sets and necklace jewellery display sets.",product_imgs/4.webp,2
,Necklace Display,"Offering you a complete choice of products which include necklace display, necklace stand with earring, jewelry display sets, display jewellery sets, modern jewellery display sets and necklace jewellery display sets.",product_imgs/5.webp,2
,Necklace Display,"Offering you a complete choice of products which include necklace display, necklace stand with earring, jewelry display sets, display jewellery sets, modern jewellery display sets and necklace jewellery display sets.",product_imgs/6.webp,2
,Necklace Display,"Offering you a complete choice of products which include necklace display, necklace stand with earring, jewelry display sets, display jewellery sets, modern jewellery display sets and necklace jewellery display sets.",product_imgs/7.webp,2
,Necklace Display,"Offering you a complete choice of products which include necklace display, necklace stand with earring, jewelry display sets, display jewellery sets, modern jewellery display sets and necklace jewellery display sets.",product_imgs/8.jpg,2
,BACKLIT UNIT WITH LOCKABLE RODS,"The optical display boards are a new concept for eyewear display. A typical eyeglass display board is a comparatively thin wooden,glass or acrylci base with several eyewear display rods fixed on it, can easily mount on a wall. Within this practical floating-style display panel, optical eyeglass and sunglass frames were no longer restricted to the forms of shelves and brackets that could only fit into fixed cases or limited surroundings.",product_imgs/1.jpeg,3
,Optic Display,"The optical display boards are a new concept for eyewear display. A typical eyeglass display board is a comparatively thin wooden,glass or acrylci base with several eyewear display rods fixed on it, can easily mount on a wall. Within this practical floating-style display panel, optical eyeglass and sunglass frames were no longer restricted to the forms of shelves and brackets that could only fit into fixed cases or limited surroundings.",product_imgs/2_aJg0RGz.jpg,3
,Optic Display,"The optical display boards are a new concept for eyewear display. A typical eyeglass display board is a comparatively thin wooden,glass or acrylci base with several eyewear display rods fixed on it, can easily mount on a wall. Within this practical floating-style display panel, optical eyeglass and sunglass frames were no longer restricted to the forms of shelves and brackets that could only fit into fixed cases or limited surroundings.",product_imgs/3.jpeg,3
,Optic Display,"The optical display boards are a new concept for eyewear display. A typical eyeglass display board is a comparatively thin wooden,glass or acrylci base with several eyewear display rods fixed on it, can easily mount on a wall. Within this practical floating-style display panel, optical eyeglass and sunglass frames were no longer restricted to the forms of shelves and brackets that could only fit into fixed cases or limited surroundings.",product_imgs/4.jpeg,3
,Optic Display,"The optical display boards are a new concept for eyewear display. A typical eyeglass display board is a comparatively thin wooden,glass or acrylci base with several eyewear display rods fixed on it, can easily mount on a wall. Within this practical floating-style display panel, optical eyeglass and sunglass frames were no longer restricted to the forms of shelves and brackets that could only fit into fixed cases or limited surroundings.",product_imgs/5.jpeg,3
,Fragrance Display,"We use thick, clear, high quality AA grade new acrylic/Lucite acrylic making this rack , density 89 degree that making it not only look great, but also durable and tough",product_imgs/1_hF8hVCc.jpg,4
,Fragrance Display,"We use thick, clear, high quality AA grade new acrylic/Lucite acrylic making this rack , density 89 degree that making it not only look great, but also durable and tough",product_imgs/2_EnH3phD.jpg,4
,COSMETICS Display,"Cosmetics merchandising plays an integral role in how customers view beauty products during their shopping experience. The visual merchandising of your store needs to convey the true essence of your brand identity to the consumer. In addition to thoughtful design, it’s also essential that the merchandising strategy has to be optimized to monitor product availability.",product_imgs/Cosmetic-Stand-2.jpg,5
,COSMETICS Display,"Cosmetics merchandising plays an integral role in how customers view beauty products during their shopping experience. The visual merchandising of your store needs to convey the true essence of your brand identity to the consumer. In addition to thoughtful design, it’s also essential that the merchandising strategy has to be optimized to monitor product availability.",product_imgs/Cosmetic-Stand-4.jpg,5
,COSMETICS Display,"Cosmetics merchandising plays an integral role in how customers view beauty products during their shopping experience. The visual merchandising of your store needs to convey the true essence of your brand identity to the consumer. In addition to thoughtful design, it’s also essential that the merchandising strategy has to be optimized to monitor product availability.",product_imgs/Cosmetic-Stand-6.jpg,5
